URL,屋号,住所,TEL
https://employment.en-japan.com//desc_828991/?PK=607A25&arearoute=1,株式会社セノン,"〒101-0003　東京都千代田区一ツ橋2-6-3 一ツ橋ビル1階						
									
									",03-3288-7120
https://employment.en-japan.com//desc_852997/?PK=607A25&arearoute=1,帝都自動車交通株式会社(京成電鉄グループ),"〒103-0027東京都中央区日本橋1-21-5						
									
									",0120-443-553
https://employment.en-japan.com//desc_853246/?PK=607A25&arearoute=1,オネストグループ,"〒460-0008愛知県名古屋市中区栄2-16-15						
									
									",052-232-9526
https://employment.en-japan.com//desc_856074/?PK=607A25&arearoute=1,株式会社ビッグモーター,"〒106-6120東京都港区六本木6-10-1 六本木ヒルズ森タワー 20F担当／採用担当TEL／03-3478-8877※営業のお電話は一切お断りしております。電話でのご連絡は、応募者の方もしくは選考をご検討中の方のみお願いいたします。												",03-3478-8877
https://employment.en-japan.com//desc_856641/?PK=607A25&arearoute=1,株式会社アイランド,"〒150-0034東京都渋谷区代官山町6-6　フィオーレ代官山　3F						
									
									",03-5784-1134
https://employment.en-japan.com//desc_857674/?PK=607A25&arearoute=1,オネストグループ,"〒460-0008愛知県名古屋市中区栄2-16-15						
									
									",052-232-9526
https://employment.en-japan.com//desc_858374/?PK=607A25&arearoute=1,アクサ生命保険株式会社,"
			【首都圏第一FA支社】東京都港区虎ノ門3-17-1 TOKYU REIT虎ノ門ビル4F						
									
									",03-5733-6612
https://employment.en-japan.com//desc_859776/?PK=607A25&arearoute=1,東急ステイサービス株式会社（東急グループ）,"〒150-0043東京都渋谷区道玄坂1-10-5　渋谷プレイス4F									
									",03-3476-1008
https://employment.en-japan.com//desc_860018/?PK=607A25&arearoute=1,"株式会社ワールドインテック テクノ事業本部","〒105-0021東京都港区東新橋2丁目14-1NBFコモディオ汐留4F						
									
									",03-3433-6626
https://employment.en-japan.com//desc_860499/?PK=607A25&arearoute=1,株式会社エージェントゲート,"〒101-0051東京都千代田区神田神保町2-40-5 東久ビル6F						
									
									",03-4500-9361
https://employment.en-japan.com//desc_862312/?PK=607A25&arearoute=1,国際自動車グループ,"〒107-0052東京都港区赤坂2-12-8　km赤坂ビルANNEX1F						
									
									",0120-03-5931
https://employment.en-japan.com//desc_862324/?PK=607A25&arearoute=1,国際自動車グループ,"〒107-0052東京都港区赤坂2-12-8　ｋm赤坂ビルANNEX1F						
									
									",0120-03-5931
https://employment.en-japan.com//desc_862363/?PK=607A25&arearoute=1,国際ハイヤー株式会社,"〒107-0052東京都港区赤坂2-12-8　km赤坂ビルANNEX1階						
									
									",0120-03-5931
https://employment.en-japan.com//desc_862801/?PK=607A25&arearoute=1,マンパワーグループ株式会社,"〒150-0002 東京都渋谷区渋谷 2-15-1　渋谷クロスタワー25F						
									
									
						",03-5468-8525
https://employment.en-japan.com//desc_863438/?PK=607A25&arearoute=1,株式会社トラスト・テック（東証一部上場）,"〒105-0021東京都港区東新橋2-14-1 NBFコモディオ汐留3F						
									
									",03-5777-7736
https://employment.en-japan.com//desc_863446/?PK=607A25&arearoute=1,株式会社トラスト・テック（東証一部上場）,"〒105-0021東京都港区東新橋2-14-1 NBFコモディオ汐留3F						
									
									",03-5777-7736
https://employment.en-japan.com//desc_863617/?PK=607A25&arearoute=1,株式会社ピーアンドピー・インベックス（パーソルグループ）,"〒160-0023東京都新宿区西新宿1-20-3　西新宿高木ビル5F担当／採用担当TEL／0120-998-967												",0120-998-967
https://employment.en-japan.com//desc_863724/?PK=607A25&arearoute=1,株式会社物語コーポレーション（東証一部上場）,"〒107-0062東京都港区南青山2-4-3						
									
									
						",03-5414-5760
https://employment.en-japan.com//desc_863883/?PK=607A25&arearoute=1,大東建託株式会社（東証・名証一部上場）,"〒920-0024石川県金沢市西念2-2-10						
									
									",076-224-6481
https://employment.en-japan.com//desc_864264/?PK=607A25&arearoute=1,株式会社りらく,"〒552-0007 大阪府大阪市港区弁天1-2-1 大阪ベイタワーオフィス18F						
									
									",変な文字が入ったTEL
https://employment.en-japan.com//desc_864568/?PK=607A25&arearoute=1,株式会社フォーラムエンジニアリング,"〒105-6024東京都港区虎ノ門4-3-1　城山トラストタワー24階						
												
						",メールアドレス
https://employment.en-japan.com//desc_864584/?PK=607A25&arearoute=1,株式会社フォーラムエンジニアリング,"〒105-6024東京都港区虎ノ門4-3-1　城山トラストタワー24階						
												
						",メールアドレス
https://employment.en-japan.com//desc_864600/?PK=607A25&arearoute=1,株式会社フォーラムエンジニアリング,"〒105-6024東京都港区虎ノ門4-3-1　城山トラストタワー24階						
												
						",メールアドレス
https://employment.en-japan.com//desc_864653/?PK=607A25&arearoute=1,株式会社だん家,"〒101-0025東京都千代田区神田佐久間町1-6-4　だん家秋葉原ビル8F						
									
									",03-5295-2801
https://employment.en-japan.com//desc_865142/?PK=607A25&arearoute=1,株式会社エスワイシステム（SYSホールディングス・グループ）,"〒103-0007東京都中央区日本橋浜町2-35-4 日本橋浜町パークビル2F						
									
									",メールアドレス
https://employment.en-japan.com//desc_865172/?PK=607A25&arearoute=1,アーク引越センター株式会社,"〒454-0869愛知県名古屋市中川区荒子4-218						
									
									",052-363-6868
https://employment.en-japan.com//desc_865190/?PK=607A25&arearoute=1,アーク引越センター株式会社,"〒454-0869愛知県名古屋市中川区荒子4-218						
									
									",052-363-6868
https://employment.en-japan.com//desc_865244/?PK=607A25&arearoute=1,株式会社ベネクシー,"〒107-0061東京都港区北青山3-3-5　東京建物青山ビル4F						
									
									",変な文字が入ったTEL
https://employment.en-japan.com//desc_865290/?PK=607A25&arearoute=1,NITOH株式会社,"〒150-0044東京都渋谷区円山町3-6 E・スペースタワー11F						
									
									",変な文字が入ったTEL
https://employment.en-japan.com//desc_865424/?PK=607A25&arearoute=1,株式会社アサンテ（東証一部上場）,"〒160-0022東京都新宿区新宿1-33-15						
									
									",変な文字が入ったTEL
https://employment.en-japan.com//desc_865839/?PK=607A25&arearoute=1,株式会社モンテローザフーズ,"〒180-8538武蔵野市中町1-17-3　6.モンテローザ三鷹本社ビル						
									
									",変な文字が入ったTEL
https://employment.en-japan.com//desc_866467/?PK=607A25&arearoute=1,株式会社アーキ・ジャパン,"〒163-0805東京都新宿区西新宿2-4-1 新宿NSビル5F						
									
									",変な文字が入ったTEL
https://employment.en-japan.com//desc_866473/?PK=607A25&arearoute=1,株式会社アーキ・ジャパン,"〒163-0805東京都新宿区西新宿2-4-1 新宿NSビル5F						
									
									",変な文字が入ったTEL
https://employment.en-japan.com//desc_866477/?PK=607A25&arearoute=1,株式会社アーキ・ジャパン,"〒163-0805東京都新宿区西新宿2-4-1 新宿NSビル5F						
									
									",変な文字が入ったTEL
https://employment.en-japan.com//desc_866908/?PK=607A25&arearoute=1,SFPホールディングス株式会社（東証二部上場）,"〒158‐0094東京都世田谷区玉川2-21-1 二子玉川ライズオフィス 10F						
									
									",03-5491-5868
https://employment.en-japan.com//desc_867702/?PK=607A25&arearoute=1,株式会社ノーブルホーム,"〒310-0852茨城県水戸市笠原町1196-15						
									
									",029-305-5555
https://employment.en-japan.com//desc_867710/?PK=607A25&arearoute=1,株式会社ノーブルホーム,"〒310-0852茨城県水戸市笠原町1196-15						
									
									",029-305-5555
https://employment.en-japan.com//desc_867714/?PK=607A25&arearoute=1,株式会社ノーブルホーム,"〒310-0852茨城県水戸市笠原町1196-15						
									
									",029-305-5555
https://employment.en-japan.com//desc_868067/?PK=607A25&arearoute=1,東建コーポレーション株式会社（東証・名証一部上場）,"〒460-0002愛知県名古屋市中区丸の内2-1-33　東建本社丸の内ビル						
									
									",052-232-8013
https://employment.en-japan.com//desc_868077/?PK=607A25&arearoute=1,株式会社スタッフサービス（リクルートグループ）,"〒101-0022東京都千代田区神田練塀町85番地　JEBL秋葉原スクエア9F　（株）スタッフサービス オフィス事業本部						
									
									",0120-195-022
https://employment.en-japan.com//desc_868130/?PK=607A25&arearoute=1,株式会社スタッフサービス（リクルートグループ）,"〒101-0022東京都千代田区神田練塀町85番地　JEBL秋葉原スクエア9F　（株）スタッフサービス オフィス事業本部						
									
									",0120-195-022
https://employment.en-japan.com//desc_868233/?PK=607A25&arearoute=1,株式会社スタッフサービス（リクルートグループ）,"〒101-0022東京都千代田区神田練塀町85番地　JEBL秋葉原スクエア9F　（株）スタッフサービス オフィス事業本部						
									
									",0120-195-022
https://employment.en-japan.com//desc_868600/?PK=607A25&arearoute=1,株式会社Bestエフォート,"〒170-0013東京都豊島区東池袋4丁目21-1 アウルタワー2F、3F、4F						
									
									",0120-929-815
https://employment.en-japan.com//desc_868602/?PK=607A25&arearoute=1,アデコ株式会社,"〒100-0013東京都千代田区霞が関3-7-1 霞が関東急ビル						
									
									
						",0120-138-448
https://employment.en-japan.com//desc_868793/?PK=607A25&arearoute=1,株式会社スタッフサービス,"〒101-0022東京都千代田区神田練塀町85番地　JEBL秋葉原スクエア						
									
									",0120-022-022
https://employment.en-japan.com//desc_868933/?PK=607A25&arearoute=1,株式会社テクノ・サービス（スタッフサービスグループ）,"〒171-0021東京都豊島区西池袋1-7-7　東京西池袋ビルディング7階						
									
									",0120-707-942
https://employment.en-japan.com//desc_868984/?PK=607A25&arearoute=1,株式会社LITALICO（東証一部上場）,"〒153-0051　東京都目黒区上目黒2-1-1　中目黒GTタワー15F						
									
									",0120-689-713
https://employment.en-japan.com//desc_869112/?PK=607A25&arearoute=1,株式会社夢真ホールディングス,"〒100-0005東京都千代田区丸の内1-4-1 丸の内永楽ビルディング 22F						
									
									
						",03-3210-1224
https://employment.en-japan.com//desc_869115/?PK=607A25&arearoute=1,株式会社夢真ホールディングス,"〒100-0005東京都千代田区丸の内1-4-1 丸の内永楽ビルディング 22F						
									
									
						",03-3210-1224
https://employment.en-japan.com//desc_869135/?PK=607A25&arearoute=1,株式会社夢真ホールディングス,"〒100-0005　東京都千代田区丸の内1-4-1 丸の内永楽ビルディング 22F						
									
									
						",03-3210-1224
https://employment.en-japan.com//desc_828991/?PK=185B0C&arearoute=1,株式会社セノン,"〒101-0003　東京都千代田区一ツ橋2-6-3 一ツ橋ビル1階						
									
									",03-3288-7120
https://employment.en-japan.com//desc_852997/?PK=185B0C&arearoute=1,帝都自動車交通株式会社(京成電鉄グループ),"〒103-0027東京都中央区日本橋1-21-5						
									
									",0120-443-553
https://employment.en-japan.com//desc_853246/?PK=185B0C&arearoute=1,オネストグループ,"〒460-0008愛知県名古屋市中区栄2-16-15						
									
									",052-232-9526
https://employment.en-japan.com//desc_856074/?PK=185B0C&arearoute=1,株式会社ビッグモーター,"〒106-6120東京都港区六本木6-10-1 六本木ヒルズ森タワー 20F担当／採用担当TEL／03-3478-8877※営業のお電話は一切お断りしております。電話でのご連絡は、応募者の方もしくは選考をご検討中の方のみお願いいたします。												",03-3478-8877
https://employment.en-japan.com//desc_856641/?PK=185B0C&arearoute=1,株式会社アイランド,"〒150-0034東京都渋谷区代官山町6-6　フィオーレ代官山　3F						
									
									",03-5784-1134
https://employment.en-japan.com//desc_857674/?PK=185B0C&arearoute=1,オネストグループ,"〒460-0008愛知県名古屋市中区栄2-16-15						
									
									",052-232-9526
https://employment.en-japan.com//desc_858374/?PK=185B0C&arearoute=1,アクサ生命保険株式会社,"
			【首都圏第一FA支社】東京都港区虎ノ門3-17-1 TOKYU REIT虎ノ門ビル4F						
									
									",03-5733-6612
https://employment.en-japan.com//desc_859776/?PK=185B0C&arearoute=1,東急ステイサービス株式会社（東急グループ）,"〒150-0043東京都渋谷区道玄坂1-10-5　渋谷プレイス4F									
									",03-3476-1008
https://employment.en-japan.com//desc_860018/?PK=185B0C&arearoute=1,"株式会社ワールドインテック テクノ事業本部","〒105-0021東京都港区東新橋2丁目14-1NBFコモディオ汐留4F						
									
									",03-3433-6626
https://employment.en-japan.com//desc_860499/?PK=185B0C&arearoute=1,株式会社エージェントゲート,"〒101-0051東京都千代田区神田神保町2-40-5 東久ビル6F						
									
									",03-4500-9361
https://employment.en-japan.com//desc_862312/?PK=185B0C&arearoute=1,国際自動車グループ,"〒107-0052東京都港区赤坂2-12-8　km赤坂ビルANNEX1F						
									
									",0120-03-5931
https://employment.en-japan.com//desc_862324/?PK=185B0C&arearoute=1,国際自動車グループ,"〒107-0052東京都港区赤坂2-12-8　ｋm赤坂ビルANNEX1F						
									
									",0120-03-5931
https://employment.en-japan.com//desc_862363/?PK=185B0C&arearoute=1,国際ハイヤー株式会社,"〒107-0052東京都港区赤坂2-12-8　km赤坂ビルANNEX1階						
									
									",0120-03-5931
https://employment.en-japan.com//desc_862801/?PK=185B0C&arearoute=1,マンパワーグループ株式会社,"〒150-0002 東京都渋谷区渋谷 2-15-1　渋谷クロスタワー25F						
									
									
						",03-5468-8525
https://employment.en-japan.com//desc_863438/?PK=185B0C&arearoute=1,株式会社トラスト・テック（東証一部上場）,"〒105-0021東京都港区東新橋2-14-1 NBFコモディオ汐留3F						
									
									",03-5777-7736
https://employment.en-japan.com//desc_863446/?PK=185B0C&arearoute=1,株式会社トラスト・テック（東証一部上場）,"〒105-0021東京都港区東新橋2-14-1 NBFコモディオ汐留3F						
									
									",03-5777-7736
https://employment.en-japan.com//desc_863617/?PK=185B0C&arearoute=1,株式会社ピーアンドピー・インベックス（パーソルグループ）,"〒160-0023東京都新宿区西新宿1-20-3　西新宿高木ビル5F担当／採用担当TEL／0120-998-967												",0120-998-967
https://employment.en-japan.com//desc_863724/?PK=185B0C&arearoute=1,株式会社物語コーポレーション（東証一部上場）,"〒107-0062東京都港区南青山2-4-3						
									
									
						",03-5414-5760
https://employment.en-japan.com//desc_863883/?PK=185B0C&arearoute=1,大東建託株式会社（東証・名証一部上場）,"〒920-0024石川県金沢市西念2-2-10						
									
									",076-224-6481
https://employment.en-japan.com//desc_864264/?PK=185B0C&arearoute=1,株式会社りらく,"〒552-0007 大阪府大阪市港区弁天1-2-1 大阪ベイタワーオフィス18F						
									
									",変な文字が入ったTEL
https://employment.en-japan.com//desc_864568/?PK=185B0C&arearoute=1,株式会社フォーラムエンジニアリング,"〒105-6024東京都港区虎ノ門4-3-1　城山トラストタワー24階						
												
						",メールアドレス
https://employment.en-japan.com//desc_864584/?PK=185B0C&arearoute=1,株式会社フォーラムエンジニアリング,"〒105-6024東京都港区虎ノ門4-3-1　城山トラストタワー24階						
												
						",メールアドレス
https://employment.en-japan.com//desc_864600/?PK=185B0C&arearoute=1,株式会社フォーラムエンジニアリング,"〒105-6024東京都港区虎ノ門4-3-1　城山トラストタワー24階						
												
						",メールアドレス
https://employment.en-japan.com//desc_864653/?PK=185B0C&arearoute=1,株式会社だん家,"〒101-0025東京都千代田区神田佐久間町1-6-4　だん家秋葉原ビル8F						
									
									",03-5295-2801
https://employment.en-japan.com//desc_865142/?PK=185B0C&arearoute=1,株式会社エスワイシステム（SYSホールディングス・グループ）,"〒103-0007東京都中央区日本橋浜町2-35-4 日本橋浜町パークビル2F						
									
									",メールアドレス
https://employment.en-japan.com//desc_865172/?PK=185B0C&arearoute=1,アーク引越センター株式会社,"〒454-0869愛知県名古屋市中川区荒子4-218						
									
									",052-363-6868
https://employment.en-japan.com//desc_865190/?PK=185B0C&arearoute=1,アーク引越センター株式会社,"〒454-0869愛知県名古屋市中川区荒子4-218						
									
									",052-363-6868
https://employment.en-japan.com//desc_865244/?PK=185B0C&arearoute=1,株式会社ベネクシー,"〒107-0061東京都港区北青山3-3-5　東京建物青山ビル4F						
									
									",変な文字が入ったTEL
https://employment.en-japan.com//desc_865290/?PK=185B0C&arearoute=1,NITOH株式会社,"〒150-0044東京都渋谷区円山町3-6 E・スペースタワー11F						
									
									",変な文字が入ったTEL
https://employment.en-japan.com//desc_865424/?PK=185B0C&arearoute=1,株式会社アサンテ（東証一部上場）,"〒160-0022東京都新宿区新宿1-33-15						
									
									",変な文字が入ったTEL
https://employment.en-japan.com//desc_865839/?PK=185B0C&arearoute=1,株式会社モンテローザフーズ,"〒180-8538武蔵野市中町1-17-3　6.モンテローザ三鷹本社ビル						
									
									",変な文字が入ったTEL
https://employment.en-japan.com//desc_866467/?PK=185B0C&arearoute=1,株式会社アーキ・ジャパン,"〒163-0805東京都新宿区西新宿2-4-1 新宿NSビル5F						
									
									",変な文字が入ったTEL
https://employment.en-japan.com//desc_866473/?PK=185B0C&arearoute=1,株式会社アーキ・ジャパン,"〒163-0805東京都新宿区西新宿2-4-1 新宿NSビル5F						
									
									",変な文字が入ったTEL
https://employment.en-japan.com//desc_866477/?PK=185B0C&arearoute=1,株式会社アーキ・ジャパン,"〒163-0805東京都新宿区西新宿2-4-1 新宿NSビル5F						
									
									",変な文字が入ったTEL
https://employment.en-japan.com//desc_866908/?PK=185B0C&arearoute=1,SFPホールディングス株式会社（東証二部上場）,"〒158‐0094東京都世田谷区玉川2-21-1 二子玉川ライズオフィス 10F						
									
									",03-5491-5868
https://employment.en-japan.com//desc_867702/?PK=185B0C&arearoute=1,株式会社ノーブルホーム,"〒310-0852茨城県水戸市笠原町1196-15						
									
									",029-305-5555
https://employment.en-japan.com//desc_867710/?PK=185B0C&arearoute=1,株式会社ノーブルホーム,"〒310-0852茨城県水戸市笠原町1196-15						
									
									",029-305-5555
https://employment.en-japan.com//desc_867714/?PK=185B0C&arearoute=1,株式会社ノーブルホーム,"〒310-0852茨城県水戸市笠原町1196-15						
									
									",029-305-5555
https://employment.en-japan.com//desc_868067/?PK=185B0C&arearoute=1,東建コーポレーション株式会社（東証・名証一部上場）,"〒460-0002愛知県名古屋市中区丸の内2-1-33　東建本社丸の内ビル						
									
									",052-232-8013
https://employment.en-japan.com//desc_868077/?PK=185B0C&arearoute=1,株式会社スタッフサービス（リクルートグループ）,"〒101-0022東京都千代田区神田練塀町85番地　JEBL秋葉原スクエア9F　（株）スタッフサービス オフィス事業本部						
									
									",0120-195-022
https://employment.en-japan.com//desc_868130/?PK=185B0C&arearoute=1,株式会社スタッフサービス（リクルートグループ）,"〒101-0022東京都千代田区神田練塀町85番地　JEBL秋葉原スクエア9F　（株）スタッフサービス オフィス事業本部						
									
									",0120-195-022
https://employment.en-japan.com//desc_868233/?PK=185B0C&arearoute=1,株式会社スタッフサービス（リクルートグループ）,"〒101-0022東京都千代田区神田練塀町85番地　JEBL秋葉原スクエア9F　（株）スタッフサービス オフィス事業本部						
									
									",0120-195-022
https://employment.en-japan.com//desc_868600/?PK=185B0C&arearoute=1,株式会社Bestエフォート,"〒170-0013東京都豊島区東池袋4丁目21-1 アウルタワー2F、3F、4F						
									
									",0120-929-815
https://employment.en-japan.com//desc_868602/?PK=185B0C&arearoute=1,アデコ株式会社,"〒100-0013東京都千代田区霞が関3-7-1 霞が関東急ビル						
									
									
						",0120-138-448
https://employment.en-japan.com//desc_868793/?PK=185B0C&arearoute=1,株式会社スタッフサービス,"〒101-0022東京都千代田区神田練塀町85番地　JEBL秋葉原スクエア						
									
									",0120-022-022
https://employment.en-japan.com//desc_868933/?PK=185B0C&arearoute=1,株式会社テクノ・サービス（スタッフサービスグループ）,"〒171-0021東京都豊島区西池袋1-7-7　東京西池袋ビルディング7階						
									
									",0120-707-942
https://employment.en-japan.com//desc_868984/?PK=185B0C&arearoute=1,株式会社LITALICO（東証一部上場）,"〒153-0051　東京都目黒区上目黒2-1-1　中目黒GTタワー15F						
									
									",0120-689-713
https://employment.en-japan.com//desc_869112/?PK=185B0C&arearoute=1,株式会社夢真ホールディングス,"〒100-0005東京都千代田区丸の内1-4-1 丸の内永楽ビルディング 22F						
									
									
						",03-3210-1224
https://employment.en-japan.com//desc_869115/?PK=185B0C&arearoute=1,株式会社夢真ホールディングス,"〒100-0005東京都千代田区丸の内1-4-1 丸の内永楽ビルディング 22F						
									
									
						",03-3210-1224
https://employment.en-japan.com//desc_869135/?PK=185B0C&arearoute=1,株式会社夢真ホールディングス,"〒100-0005　東京都千代田区丸の内1-4-1 丸の内永楽ビルディング 22F						
									
									
						",03-3210-1224
